COUNTRY,lst,rain,ndvi,dsr,pressure,temp,wind_u,wind_v,no2,o3,so2,uv,co,hoco,year,gdp,x,y
Lesotho,-0.530058533312535,-0.476798597763037,-0.637523710859918,0.738307639742745,-2.873310574077857,-0.773266043014766,0.684921801993938,-0.817939936960641,-0.404591394655643,-0.57845826146205,0.873855095478332,-0.523063110319996,-1.943227408378249,-0.284748151313107,-3.125919130565856,-0.23773589668287035,28.24301119443835,-29.580999303636936
Central African Republic,0.433561261448544,0.025913908546265,0.874328186193049,0.716363631133516,-0.227196435761493,0.866688264673263,0.308276601518318,0.312889256228371,0.083958426062155,-0.634147300241035,-0.849595514804077,-0.054848464444841,1.719122052930435,2.241467301338232,-2.791553112715649,-0.2378068389051608,20.482966878857642,6.571232170996405
Somalia,1.268312112900604,-0.939958006010624,-1.160248003972989,1.223503701229208,0.153246159718121,0.922504724582385,-0.008270134047433,2.097326651694569,-0.808622332348622,-0.688592806230817,-0.744542731355919,0.176319526629788,-0.382221274226485,-0.558697277276214,-2.312058014777268,-0.23417608417682687,45.86259002813974,6.0637232346457015
Eswatini,-0.294345199844004,-0.438971833639942,0.326126135654329,-0.216186370182262,-0.376893642424865,0.019175521980676,-0.012131574670685,-0.117619051471174,2.264271264905219,-0.524147205646426,2.527723553757312,-0.771079028664428,-0.761653264484197,1.165614504363719,-2.132780915844817,-0.2366746563405839,31.4975296480641,-26.56264163155773
Mozambique,0.462118398526788,-0.177634964446864,0.41392048663823,0.282099912801252,0.303436445122594,0.590213696539186,-0.493216340116578,0.955917760204086,-0.175965447322563,-0.618014698235218,-0.796392497437347,-0.799131451225491,-0.232153632971877,0.545280579115859,-2.074444716985844,-0.2311035255930874,35.55219980333295,-17.260054978566522
Chad,1.191417550501203,-1.011367577022977,-1.328911301029654,1.632670453280778,-0.050540076063129,0.992225161982459,-0.66620608303715,-1.100524715576142,-0.389358926413268,-0.770056320473305,-0.678924335885032,2.414165368998586,0.188972403972437,0.062726942582716,-1.862442433327627,-0.23322061637251212,18.66447909367093,15.36116632061913
Guinea-Bissau,0.911537314819196,-0.004406322694069,0.431387386707809,1.08293431042963,0.946303812207202,1.029795139478754,0.821277470886904,-0.03899524991269,-0.115651074401926,-0.732740841876795,-0.620752538346772,0.790430185756953,1.187310693763509,2.274416332291321,-1.778495220335448,-0.23820105688039261,-14.965216953730826,12.030308520994033
Zimbabwe,0.393030196543504,-0.675449658856108,-0.319871519108958,0.901476118132973,-0.87445961957513,0.359692622743402,-1.051214130901484,0.11967860913425,-0.318400269092041,-0.648574662774472,-0.611480190836048,-0.615791815939007,-0.464188560472428,0.815349220827041,-1.713044850883918,-0.22791640899125037,29.871837765941585,-19.000097827580475
Sierra Leone,0.621130766772179,2.186321057548461,0.978194994734127,0.324379305575131,0.624836183322456,0.849195349791645,0.814169921636135,0.889484847571124,-0.048142730338421,-0.65129404227427,-1.131145861337489,0.335697124580796,2.177038323156852,2.302943192702273,-1.700239343817314,-0.23687116235943378,-11.791921366059212,8.560284604298712
Guinea,0.700997914709549,0.708538771838876,0.541738994454125,0.859032791170008,0.138625783462914,0.862700871229238,0.536104882166697,0.468523370587598,0.011716606471517,-0.709372356905806,-0.864723050463195,0.33820652317479,1.459010855469808,2.316643844954373,-1.666091324973038,-0.23214744213331945,-10.941772799234602,10.438211991914304
Equatorial Guinea,-0.150114712484307,2.633089060995537,1.206783525492706,-0.585758338063563,0.19499354939103,0.636546448672933,0.923127442712147,0.669244072965901,-0.31285963496634,-0.573830983511561,-1.350693185619587,0.290456634104103,2.782260573662116,0.496341320059718,-1.498196898988679,-0.23319581206564194,10.341983767639414,1.7123370859731923
Botswana,0.517082249531185,-1.032340514303585,-0.930315609393728,0.960161912526164,-1.018095125889557,0.471727128338882,-0.875328256477044,-0.68190095778454,-0.33341887244079,-0.661383005989762,-0.175501595795876,0.013038034613076,-0.710909883333786,0.713272298994463,-1.48965989427761,-0.23049169495366914,23.81502777876019,-22.18200337549253
Congo DRC,0.129423460867472,0.478908096239505,1.114712375911496,0.296552402479784,-0.357144687699531,0.640378786828815,0.240450253039946,0.266085579372356,0.047583650311457,-0.675813548305649,-1.066388013708667,-0.339112919797964,2.271677724483476,2.222730962001378,-1.475431553092494,-0.2128148827826315,23.65500570540741,-2.87623474494763
Cameroon,0.110150293011857,0.937058392802225,0.869086564541039,0.208808884622692,-0.285508432557719,0.67663645849556,0.604297779753617,0.19040890067656,-0.095278276258951,-0.603986514999516,-0.973010123611245,0.184116546530457,2.117534866688256,1.456639466824801,-1.474008718973983,-0.21891975300621822,12.743594116842749,5.685952285483782
Zambia,0.184361971060508,-0.168389899562374,0.240545786664783,0.993731977983038,-1.208391114245512,0.365482057219384,-0.812866859487339,0.341600241445076,0.020168488236104,-0.731319923933855,-1.272542046546362,-0.776975462497189,0.277468026129895,1.460944202112829,-1.461203211907379,-0.22717179600929818,27.798249673388998,-13.453018168629407
Nigeria,0.823997921305619,0.070044699021591,-0.119949970777503,0.632284023443279,0.33190500468551,0.958225304708563,0.436792803611983,0.485286993803584,0.115260471189789,-0.6318005107814,-0.951903777049176,0.931028013736739,1.853357290404326,1.649736327655367,-1.437015031892684,0.00038720165163869433,8.105306399792427,9.59396011757417
Burkina Faso,1.249095446537332,-0.64342148269227,-0.715556948752575,1.183963942738381,0.37295988844633,1.173246740107627,0.237082902217045,0.322779993057655,-0.23073533705702,-0.724426791503612,-0.756902447630589,1.264415318142258,0.945979957948553,1.129285752206933,-1.425632358944591,-0.23084124532711944,-1.7401409174732692,12.277929379003
South Sudan,1.055697885188387,-0.202754550296928,0.204720434969913,0.820571760686719,-0.058748724536179,1.088617200978425,0.012042441555066,0.23370500835161,-0.112087307912545,-0.678892113916801,-0.745528030724261,-0.06162291826552,0.811438339102556,1.558394171797713,-1.412826851877988,-0.23688961018383287,30.320241356317258,7.278667677521693
Mali,1.293183036068019,-1.088614019550749,-1.426428187461163,1.611858332314618,0.352062379105815,1.137272753493911,-0.219293352922473,-1.132347693849633,-0.461747580707916,-0.743945008845129,-0.57780663262617,2.697033948057166,-0.011547075303761,-0.082544685334226,-1.411404017759477,-0.23021212222990775,-3.524422413851247,17.35027936574131
Angola,0.199166306392314,-0.128787398696583,0.305239816834241,0.824719969109974,-1.057526789723045,0.453411584307601,0.042856428698687,0.279433868010217,0.346045775216751,-0.708115252099764,-1.304236255633783,-0.357326038745955,1.303916985707526,2.127535652664524,-1.374410330678177,-0.2031709709339748,17.54467598707206,-12.29528590446397
Afghanistan,0.137880817945589,-0.884971605869288,-1.749544983877918,0.689856758426477,-2.324606259416692,-0.841202724505522,0.393154547836492,-0.640213798896302,-0.49125645691409,0.190526388689297,-0.112320795529032,1.406046277871969,-1.074979059736287,-0.630677877270854,-1.353067818900504,-0.2294459436172333,66.02647078170295,33.83880563226268
Niger,1.153716350764061,-1.271473364596125,-1.75388471006841,1.740442311992098,0.054105056542227,1.028737751004388,-0.584698344804689,-0.76583871807011,-0.522233251092111,-0.800636200129839,-0.579628234195254,3.403019091014008,-0.142158461001154,-0.46287762542668,-1.341685145952412,-0.23242649226377524,9.397647928936511,17.426149072098863
Benin,0.885292209377085,0.036449253617697,0.212380083928806,0.541099580098939,0.452756608205025,1.046431159970743,0.355574091790268,0.85995284215063,-0.006071253926596,-0.620646176072322,-0.997080204866541,0.663752615255285,2.06553366703071,1.721330848591442,-1.321765468293251,-0.23166941201453137,2.343134618210501,9.647318946962821
Burundi,-0.388385805165491,1.06123307675556,0.484479497343922,0.150772059468269,-1.932296068643886,0.17415434910211,0.096487865725444,0.674866854778474,-0.49741579011567,-0.793759416668582,-0.671176878936665,-0.839930477768782,0.211191195944747,0.653573661483737,-1.263429269434278,-0.23762769118319096,29.887145968918098,-3.3561743459413207
Haiti,0.740813161777083,-0.328911929326417,0.523358722655809,0.719123505458174,0.49345835977146,0.781664340705334,-0.494551618625021,-0.509341449940284,-0.378944272967589,-0.740160340140191,-0.926159797667161,-0.620849304975076,-0.75013711163987,0.156982829063004,-1.233549752945537,-0.2313540114993347,-72.679460071367,18.941608633883906
Liberia,0.252787040212981,1.964315083155676,1.272166102068037,-0.268599855078941,0.568377525799559,0.757092313459328,0.837611736281475,0.97437993229152,-0.387465422685017,-0.601772519328386,-1.318900866056155,0.049515519290568,2.063872451109023,1.137652031907755,-1.229281250590002,-0.23725293303641676,-9.307913522271074,6.448091643713439
Eritrea,1.566068524661911,-0.935615239326766,-1.505207258874927,1.564290921236232,-0.499044786723952,0.961586480180228,0.007772604285101,-0.290114911509334,-0.459795822785313,-0.815742089379478,-0.373966202090341,1.297859079643804,-0.1407918747549,-0.048913629036435,-1.229281250590002,-0.23882725540574995,38.851484017308906,15.358493987886767
Togo,0.90731066286776,0.354533233830895,0.319321410943314,0.394691792772146,0.473507713972082,0.99061969722783,0.420968409961254,0.968365130852713,0.06108431335292,-0.587422545930764,-1.009233314023628,0.581277664775187,2.352800114641387,1.769215651446537,-1.202247402338284,-0.23540049098760965,0.9757210542257627,8.534960860864631
Namibia,0.730482125673126,-1.188821325989926,-1.419611693067054,1.323265594020194,-1.094648000792938,0.438086094202608,-0.191574744775189,0.475134038191412,-0.493111343702113,-0.665642278919185,-0.439387724887349,0.453530771462548,-0.74559578250757,0.264733971460991,-1.158139544664426,-0.23260181206674269,17.21827741455148,-22.133248121916154
Congo,0.186478292501449,0.583694758365687,1.09261102513349,-0.144464548934065,0.134506646769887,0.70498276677212,0.776187542816361,0.61477893612756,-0.091038401554999,-0.58264630038371,-1.104692833692782,0.274191517725944,3.353144953600195,1.655339539238525,-1.135374198768242,-0.23187822947758427,15.224293999554247,-0.8402318266007407
South Africa,-0.038561817789817,-0.942584264567469,-0.856327256667172,0.437327495214453,-0.996635503576536,-0.062730580593734,0.305003089007382,-0.14672112108474,0.164423097017094,-0.465437872894054,0.838457599893664,-0.233136592342819,-1.348022949427514,-0.04736039894064,-1.062809658724154,-0.04257536563608911,25.092539034609963,-28.99853016013609
Solomon Islands,0.406946310024389,3.607979521457063,1.458111091215134,-0.158584337679242,0.75366589430056,0.865799792447787,-0.466338700972041,1.237561036616337,-1.003929424804352,-1.2125276944359,0.091444880018202,-0.704591180576968,-1.840609383272328,-1.008638419281461,-1.062809658724154,-0.23811052083305512,159.63432097284755,-8.918219539768314
Papua New Guinea,0.121553435307099,3.826287234525395,1.199302344626359,-0.297252927154455,-0.144145408047007,0.496925070026456,0.124871383056453,0.375292645317412,-0.939559940629641,-1.220433600355639,0.322291898490721,-0.986285847873906,-1.653262158532315,-0.821310935532462,-1.055695488131597,-0.2264443473413279,145.24121730527827,-6.478766820945016
Vanuatu,0.08814683765341,0.938621610276889,1.560106919202263,-0.685826730137529,0.800996861842587,0.713485964564765,-2.275396227168278,2.199464068137354,-0.968886330069435,-1.013702759655332,0.155068341276147,-0.435023240954202,-1.742493744855689,-1.33399882475468,-1.054272654013085,-0.23845479265362204,167.71814754609176,-16.255048823010604
Madagascar,0.361398901262257,0.356203331851409,0.13859225181375,0.399194834209963,-0.001035745605798,0.466828823071616,-0.419576818106004,0.53346728501257,-0.477399047782014,-0.62287937486454,-0.904097383451698,-0.768386304959417,-0.900974311043104,0.032260932493571,-1.04858131753904,-0.23181367332140132,46.70603966248999,-19.373383066474137
Gambia,1.255697755563422,-0.665082237335488,-0.342856000469208,1.263027547567287,0.963111824915263,1.016819005617031,0.802532552428778,-1.02248010106379,-0.139148075459783,-0.766203370062801,-0.482550428913972,1.119175048556365,0.681126347273442,1.357600621323406,-1.031507308116901,-0.2380124510329788,-15.386640805648568,13.45265045556336
Pakistan,0.38070828437442,-0.789363757484933,-1.393664969461906,0.698226667728675,-1.049535294008866,0.005841959904095,0.49922491833041,-0.068980792462402,0.085821331137782,-0.215099045895825,-0.043383682103217,1.438945915717162,-0.189827212547214,0.457721404292644,-1.01158763045774,-0.07708229528959991,69.38596582829376,29.967022298355793
Malawi,0.18589989252487,0.492171051124157,-0.205800026270387,0.431618776214373,-0.754679694270567,0.32817636019258,-0.591644012133189,0.979863757314595,-0.277151557462854,-0.722988218924981,-1.062666406560046,-0.95996874882154,-0.068082022838879,0.853122031095082,-1.010164796339228,-0.23336666093180214,34.307233166002135,-13.215803787386164
Guyana,0.373808333618097,1.100984856740573,1.512270546948553,-0.294796828877701,0.593004569189265,0.748471468170413,-0.641337694117481,-1.243034008656768,-0.87366135259606,-0.860265631188155,-1.370171901513934,-1.259693860018706,0.000516584871906,-0.530592382568115,-1.000204957509648,-0.2363178181435339,-58.97478114968907,4.792016823174791
Djibouti,1.671049529842049,-1.171659214351337,-1.861560409655389,1.221899546078292,0.070908445391876,1.163247943040624,-0.745576919766921,0.755565299339468,-0.524230662343111,-0.733046311541626,-0.381840691527571,0.982997473353104,-0.084823417179813,-0.232672453397693,-0.983130948087509,-0.23736930414576296,42.57776512832153,11.749676373937877
Kenya,0.986542174940169,-0.33419780797936,-0.559078943540404,0.913541220340801,-0.58702679978869,0.776287603553678,-0.894721110407125,1.877024784181773,-0.771579306968625,-0.715773591916247,-0.726571860506738,-0.45475085679848,-0.579832320060947,-0.270908757736931,-0.943291592769186,-0.1883032318941276,37.857881865174,0.529861747137699
Ghana,0.898037838974988,0.190249392433864,0.397957964373969,0.456367786757312,0.616172204649541,1.049581140833376,0.592029742674602,1.185945621671962,0.042759922595752,-0.57369392203695,-1.092207579442465,0.615898122090271,2.358516506709902,1.773687127922343,-0.916257744517468,-0.2044620560687927,-1.2073012228476334,7.959847930419306
Gabon,-0.068555753865534,1.415099139904366,1.216123284150159,-0.666245046570933,0.256471920384068,0.697906024429085,0.795075714092832,0.669765577704589,-0.260660118840404,-0.566136854695884,-1.241394066147322,0.412888739375722,3.041620911037934,0.794758236775888,-0.889223896265749,-0.23041680320168717,11.79723698491478,-0.5909449369173627
Yemen,1.222709351203881,-1.226178339825391,-1.714214878399432,1.800308672000775,-0.863491546230688,0.838152869156834,-0.316512146553667,0.467417428191286,-0.464358425147333,-0.841423607777253,-0.278818323166018,1.99835047220075,-0.299678995464383,-0.498294057499939,-0.866458550369565,-0.2378231295242203,47.599967160146285,15.905618569868569
Uganda,0.23690381438232,0.760882776970426,0.203481219725638,0.604981133689084,-1.2363064709859,0.494587037903579,-0.00839494195234,0.252584200116033,-0.50561254709998,-0.729967805176058,-0.757171924086355,-0.93896518914069,-0.001166110251494,0.752379119885471,-0.857921545658496,-0.22109989203524733,32.38621794139622,1.2799638499666384
Tanzania,0.295177216223015,0.098828907317462,0.14513846017892,0.630942937870967,-1.009303602006865,0.45209740377976,-0.5947868263755,0.612429036182834,-0.472968673091508,-0.796056575073107,-0.941909818509503,-0.794641707889092,-0.332134712451577,0.386712778962356,-0.765437327955246,-0.20814935281030778,34.823453871212486,-6.270353570510676
Comoros,0.408850914584396,0.122221188199485,0.961140694740209,-0.322767489175037,0.795614411404765,0.786677002899098,-0.217338055514934,1.360032337350426,-0.783154910529954,-0.783214676414812,-0.692498540626475,-0.197284012818507,-0.760331008001018,-0.759442655819851,-0.758323157362689,-0.23832442611621318,43.67592199940793,-11.892755836869874
Fiji,0.170464705438967,1.89037247873022,1.467902151527452,-0.359758475237004,0.715291002086416,0.66811738717238,-1.258352934571501,1.358869378050591,-0.900118626442928,-1.026778665270267,-1.154200177140363,-0.606963324522928,-1.806130605603539,-1.369042223616168,-0.670107442014974,-0.23618132207143488,171.98364165131252,-17.453532408900834
Mongolia,-1.141314092986892,-1.094523905097349,-1.442097318399996,-0.338663744143902,-1.923409075540547,-2.238926536143525,0.978464798310761,-0.178169940190148,-0.821410809279324,1.910533150731625,0.253329476775755,0.362446926456272,-0.544188110852755,-1.362475482540133,-0.657301934948372,-0.2317623855676118,103.08321776343838,46.83529080099995
Mauritania,1.207846754120921,-1.339316521638075,-1.83227732390084,1.670495765451478,0.491775900225608,0.938008619980001,-0.460779036561243,-2.46951962490812,-0.606000307790877,-0.632760756700552,-0.493691053449559,3.170484044039133,-0.378848454873815,-0.801011043212207,-0.61746257963005,-0.23494552721585482,-10.33229808573721,20.25985146634867
Laos,0.067203443619609,0.504300500865286,1.131248337386427,0.065960650579529,-0.365176140184329,0.553205831838714,0.206599432074412,0.360668791194796,0.060758957755369,-0.895446238707614,-1.164617972416657,-0.829555632365123,1.791279370252183,2.041591125096718,-0.598965736089399,-0.22947564116266794,103.76329050492689,18.50274343121779
Senegal,1.450555437648091,-0.901002405423058,-0.721106618962506,1.421555672031711,0.909998695069895,1.14995108607879,0.606155327291091,-1.22668196432005,-0.190973171653241,-0.778932988395828,-0.518851028966594,1.610044864183787,0.491747051769704,1.030773284377223,-0.589005897259819,-0.22712371890035543,-14.467652757460762,14.366965417494663
Ethiopia,0.710127379655925,-0.014095512095373,-0.399543227701537,1.050828040582614,-1.433920326712026,0.526127304262472,-0.023502981180823,0.706086217571844,-0.539959298682915,-0.774071139692684,-0.649070164602233,-0.183829242121782,-0.414391987078381,0.063620685143483,-0.57193188783768,-0.19055527406264716,39.61603213709863,8.62621923143033
Rwanda,-0.630439701409215,0.696014135891663,0.447789519983592,-0.122402937678614,-2.327475618128806,0.007097856828908,0.082619039930661,0.385136705990272,-0.529712728382879,-0.800913471288791,-0.141696150075124,-0.824067382718318,0.058729284797058,0.506302163702974,-0.51501852309722,-0.2337091251233433,29.917652223708828,-1.9978910132058103
Myanmar,0.183092519205965,1.116587414423877,0.822887963415086,0.109208286616184,-0.198797679184921,0.530592151760267,0.42279552111959,0.309440921795018,-0.147427780117589,-0.845632759921603,-0.89036488618832,-0.697286250520218,1.235622163621084,1.615121947478498,-0.510750020741686,-0.20106584933001456,96.50692090586973,21.154318857249418
Sudan,1.350928922470209,-1.120340623069461,-1.487989165314549,1.74661795823382,-0.090624934048012,0.973690943802894,-0.232914531576428,-1.979271506741201,-0.411983406706205,-0.778592468349064,-0.441865745867313,1.904675774310872,0.079669702414666,-0.08011708100354,-0.507904352504661,-0.22261797096376687,29.960522226832897,15.999644525581909
Tajikistan,-1.013450195247111,-0.575933561683058,-1.680861811278302,-0.102967162821515,-4.200346047189093,-2.330114440665238,0.272256688743262,0.169130065479514,-0.410631792305104,0.632737961565751,-0.085149852686542,0.561996733001826,-1.729406513626224,-1.205509315967277,-0.458105158356759,-0.23474074353223567,71.04200336178594,38.52817783284853
Timor-Leste,0.624708771871104,0.233877282560245,0.798206497151602,0.784460847160121,0.318025385919642,0.67069137908516,-0.087149228227121,0.458357105806333,-0.739057557107223,-1.073414965403426,-0.752461540444091,-0.837111901210385,-0.852803374752763,0.029151854986077,-0.44103114893462,-0.23790481423166773,125.85367089945154,-8.82297861204156
Turkmenistan,0.673536105245818,-1.14012171206882,-1.687920763807602,0.152051504065015,0.750792711519465,-0.294633826442362,-0.278269661930657,-1.184202713887816,-0.176992641302486,0.970239904373795,0.434660290369202,0.808023367157682,0.177846433191681,-0.208278559570715,-0.422534305393971,-0.2161147161650284,58.391314432391894,39.21879286955599
Cambodia,1.063860619363843,0.498620203415747,0.537698791940003,0.410548572359877,0.730605317346187,1.054742247761967,0.366181714455526,0.494766601643181,0.011417528705372,-0.866304942140526,-1.353752632512105,-1.011966607845727,1.131632984642502,1.803068554648137,-0.369889443009044,-0.22526505514334727,104.92398195163528,12.716431784855462
Sao Tome and Principe,0.063929614160063,0.542320251825378,0.538078015993734,-0.741105273118454,0.947729489245787,0.827008873066023,1.297149779765364,4.181873706180444,-0.453222068730725,-0.556887975093748,-1.291542378855444,1.305513436414332,2.840982362622234,0.113315244969739,-0.327204419453699,-0.23871883600330202,6.7365883416638495,0.45698598559638
Philippines,0.589960311024664,1.409047362423776,1.150426958687725,0.230922337349086,0.463850094715106,0.842270800864603,-0.080460180647891,-0.207437477628174,-0.523974487123163,-1.002035681235496,-0.819996384259192,-0.961152051340899,-0.361671382926671,0.159298942787954,-0.325781585335187,-0.04888305142227259,122.87870846250398,11.741833313449057
Samoa,0.55107071009445,1.761719505989422,1.659504520064287,-0.46889203382808,0.679469520686281,0.832755441947579,-1.475899216213045,-0.218026644322322,-0.956122091747891,-1.179387682198532,-0.548819317860766,-0.512672953573835,-1.967085624911362,-1.616133831625949,-0.322935917098164,-0.2384666826950404,-172.15945946429892,-13.75836652572102
India,0.554174535122975,0.342202157599806,-0.141470225936466,0.339782955789802,-0.161465259995275,0.527207003511004,0.515754040586814,0.096281404152857,0.629805860089856,-0.655806177810143,0.199950228512271,-0.083730094134174,0.922355127263586,1.591384299373995,-0.274559557068772,1.191162987688042,79.61620147933743,22.883477889674186
Nepal,-0.909941395707624,1.232941235925554,0.020240037378274,0.014424260833004,-3.143981314126902,-1.039943981343235,0.269065539771154,0.06999730115615,-0.191155375280251,-0.636025120281293,-0.369912565320223,-0.242929741703758,-0.072903146368486,0.606498640778847,-0.26175405000217,-0.221685913415313,83.93854772185944,28.253007582199942
Indonesia,0.458720536557967,2.086157406750848,1.250307258882826,0.016364704100621,0.361267376708182,0.744365051813542,0.126265543952618,0.314287862058863,-0.69028241650838,-0.986700627769539,-0.809561474892764,-1.119321148002941,-0.210490381721032,0.164678244067256,-0.200572182906174,0.32547131671644264,117.30042608559378,-2.230213581118839
Azerbaijan,-0.27212374987678,-0.907930720925207,-0.923428037629995,-0.469290020973484,0.342499597259728,-0.653223827983703,-0.090617956737185,-0.648640099014446,0.068052334660251,1.099640283783374,0.606279903453488,-0.353696962760696,0.12014535603759,0.237408592470587,-0.183498173484035,-0.21463128375478985,48.819827855274156,40.29699191540266
Suriname,0.462203722600119,0.887750546207464,1.6210002726143,0.119916048297692,0.724337406042467,0.826795741406968,-0.84202000366804,-1.367793795729112,-0.897873114703299,-0.838516810007181,-1.214656773575443,-1.313859296621505,0.029161917498986,-0.557534599152075,-0.176384002891478,-0.23690169369902575,-55.91182656537016,4.126394149424459
Egypt,0.908553884873814,-1.391830590872285,-1.811292551637467,1.595370158982926,0.443909545576989,0.446843576137552,0.443698903520917,-2.447153975393037,-0.125394202433019,-0.299153745941602,0.096394977958936,2.515455836968182,-0.136623895962391,-0.645776871081487,-0.128007642862088,-0.07820695662350806,29.87195800064285,26.49425412718706
Honduras,0.374195428882673,0.215598134390946,1.029915038432465,0.50347066476189,-0.147617902392601,0.59622202249285,-0.391994581810768,-0.547733252889274,-0.514801519935405,-0.866209348012745,-0.988946773390959,-1.059378305292642,-0.682935635822267,0.213201214409895,-0.110933633439949,-0.22627344415251227,-86.61914459577675,14.81922171293129
Guatemala,0.373308487890007,0.455935938843851,1.050416394965522,0.53590493260824,-0.409788703582805,0.534134136813835,-0.182507084596487,-0.166379770805246,-0.332052321075216,-0.872252361339767,-0.50152893375059,-1.144119286081223,-0.548895949318,0.837381379950017,-0.099550960491857,-0.20000661041688197,-90.35624300987003,15.702133356318642
Bolivia,0.229684966093066,0.379142436663468,0.477194343560029,0.367266160383463,-1.346068648062133,0.133226842666574,0.349340319965953,-0.655939545075775,-0.530661534752912,-0.96926284173171,-0.001288067097794,-0.564986456471186,-0.241515320119294,1.024391748334424,-0.082476951069718,-0.21830227540391314,-64.67093196811149,-16.714610143853815
Iraq,0.866221075080382,-1.022218504816086,-1.425040237624025,0.764863454058988,0.362526429714526,0.450902343757069,0.832469689543261,-1.137238641991216,0.66440831701176,0.377544796344441,1.498210335291521,1.190081717199738,0.080745807926587,0.455691580037707,-0.042637595751395,-0.12109690004034672,43.77213471734143,33.04802520538468
Tonga,0.393643647632176,1.284842610941554,1.064840677144654,-0.253379273668683,1.035048905649342,0.652261507601773,-2.940079709263836,1.43289796596384,-0.940980355089829,-0.833430838902431,-0.913880466154018,-0.518450544452919,-1.608113296826686,-1.685430853401174,-0.021295083973724,-0.23866886794194908,-174.83627435974145,-20.4028949832555
North Korea,-1.500178991344037,-0.39430076628856,0.079651605244846,-0.284072779870867,-0.195882606059706,-1.465188270150079,0.790509753058518,-0.101098007126432,0.173723339824678,1.806218683913282,1.240541065952242,-0.471565178051525,1.436228323194735,-0.304174123766238,-0.012758079262654,-0.22214292973384447,127.18195665141856,40.143063041229475
Syria,0.581436883488338,-0.97633703978803,-1.275345963288673,0.462153896160429,-0.052657398316893,-0.01721902187093,1.245090686543009,0.047063111011566,0.286889499925531,0.690144001313312,0.673540056291474,0.651262294654008,-0.13083754478934,0.15519434940965,-0.007066742788607,-0.2275287481032727,38.50513103530435,35.01313352180895
Dominican Republic,0.517913297864528,-0.348206183408306,0.824841354184183,0.668532548428194,0.286208787973211,0.629000157948246,-0.84606677159196,0.221406830312393,-0.1600092463018,-0.731540000900086,-0.763896894595641,-0.884305448178188,-0.870965766890739,-0.140297058759918,0.017121437226089,-0.1940710940799259,-70.48463497617387,18.894446738301692
Grenada,0.492250851466571,-0.260600308213346,1.263934187909451,0.338605540772618,1.034916738126015,0.881883012801323,-4.14581764649658,-0.810189436820747,-0.814693190845442,-0.79719892012886,-0.855036775299165,-0.528410574208112,-0.428236405615253,-1.095491130828082,0.022812773700134,-0.23831511328793556,-61.67937937202181,12.11292665625457
Morocco,0.464318897502048,-1.233416821473031,-1.596342320284278,1.293056459907314,-0.121799394577123,0.051658117921283,0.0907663239197,-2.272279169046497,-0.415836657236893,0.126630318774927,0.176987018348572,1.527627980083744,-0.66513251040291,-0.84087536792156,0.03846394900376,-0.17390857548497682,-8.938045402736556,29.10846583700967
Uzbekistan,0.328534764515039,-1.099012212376501,-1.542235130353166,-0.019245449072347,0.390407499230706,-0.664370680295278,-0.176188586711091,-0.922213538758975,0.027885654282566,1.197690481668374,0.376463419478221,0.868284133585102,0.071883260592419,-0.439264955652573,0.041309617240785,-0.20852418691005128,63.16937232162605,41.75043662654492
Ukraine,-0.862449227295737,-0.749840069287943,-0.160447640411482,-1.270857312988115,0.712949809335566,-1.129395903952784,0.397533685381794,0.167200371627526,0.408341582866134,1.481452812742925,0.68540341839716,-0.373177025728025,0.34080015491275,-0.177275866856993,0.042732451359295,-0.16131892486688312,31.387114789072786,49.01708827778121
Bhutan,-1.694142525509546,2.362404352046891,0.310323528840719,-0.530858319455104,-4.625949271517782,-1.591343468206958,0.27101323753842,0.406930742577047,-0.563717086535766,-0.838084097809011,-0.789405803737455,-0.286441768751582,-0.867661183945735,-0.483692441080321,0.055537958425899,-0.2375474193484394,90.42943322853245,27.415414492834667
Bahamas,0.764654062165796,-0.088418511508942,-0.076374888609366,0.348326107062566,1.106186223393802,0.788388784675947,-1.925445805523804,0.490289990386728,-0.530547627019925,-0.522277796815985,-0.687693566478823,0.201198832049932,-0.434434005313388,-0.805784546741722,0.069766299611014,-0.23234118723669503,-76.54661990977111,24.20111993064869
Saint Vincent and the Grenadines,0.195946462109374,-0.382608663907392,1.275843707921955,-0.354641639496752,1.042263183875346,0.873639474610175,-4.112278464835762,-0.814615469654562,-0.814146478536195,-0.782414627418591,-1.065103791403798,-0.057480787650557,-0.568518342566402,-1.010103055893584,0.071189133729526,-0.23846778405591312,-61.193766354180845,13.254808123076383
Russian Federation,-2.703090869146701,-0.711505630131196,-0.802181438961762,-2.058183770261894,0.298165758463636,-2.901198292005725,0.584677159039905,0.378006756899796,-0.724115523150029,2.456991855832125,2.479429812952943,0.135551137247465,0.523004573800432,-1.391497783859794,0.072611967848038,0.6149682220482598,96.57732548787611,61.94626638171389
Moldova,-0.622860256077875,-0.851473133444667,-0.253350649244424,-0.942016985714197,0.775471618609161,-0.981334654187737,0.455907297047145,-0.268986433158386,0.267025016852436,1.466012792019947,0.775406630227664,-0.444634866466625,0.326230423722115,-0.082187103929901,0.076880470203573,-0.23300838141014188,28.47393051627999,47.193870811567734
Georgia,-1.244585163811121,-0.088552705810727,0.105092445359194,-0.697296036655486,-1.491951410995325,-1.372623337774394,0.210765018717873,0.170322722706533,-0.238454144938679,1.12341719856217,0.461088809750509,-0.410619691436967,-0.631024692098474,-0.482010767278385,0.079726138440595,-0.230116205538983,43.517447639735316,42.176311509883654
Seychelles,1.054393161933947,1.155963947677302,0.268063551844902,0.08810700137352,1.007778609463247,0.888645525505764,-0.988935602848545,2.102958586987526,-0.814685987969798,-0.866598057886608,-0.67354700653901,-0.471995257787796,-0.959460675592617,-1.174664065683135,0.088263143151665,-0.23809744069392566,52.22993377020484,-6.354350871781711
Vietnam,0.208169402348234,0.833649945874054,0.934229872340055,-0.228250983044002,0.129240701982942,0.622423650224469,0.14478631638946,0.254420411070761,0.22244136238255,-0.875736887179946,-1.120687743623666,-0.541193892031769,1.391812070294776,1.6175668982467,0.145176507892124,-0.07029599802095957,106.30147371186843,16.659257438727746
Oman,1.507303087783269,-1.357071299494145,-1.886181632177009,1.395939878684411,0.427942416404262,1.095823626028319,0.039723211465181,1.214513650800419,-0.361664323579933,-0.755546879806235,0.050474161347573,2.488464699051056,0.115522682385431,-0.403394993537144,0.16794185378831,-0.19451516600292493,56.10983961181512,20.602286437263338
Venezuela,0.661559475130076,1.067186712070345,0.918467351846686,0.248473395895459,0.342656744988219,0.77455048166041,-0.586165752860665,-0.453989122854962,-0.645298261000179,-0.878027054695996,-1.319912053963902,-1.088300357391027,0.070166828277473,0.396219140066176,0.175056024380867,-0.20211084534692453,-66.16956377948908,7.122448743277419
Kazakhstan,-0.762079536006418,-1.036065444095003,-1.432574583507031,-0.420317011896559,0.442423154521885,-1.485445689167619,0.245853202060951,0.100188123076302,-0.391423484149848,1.605805619713566,0.443371713898762,0.398436885844967,0.198997088329557,-0.923294532192298,0.175056024380867,-0.14730655244477375,66.65782333242768,48.015985121557314
Cabo Verde,0.709079070795472,-1.301338222110657,-1.416121825029586,1.22698527612863,0.94108411042105,0.39792508041106,-2.285814591979275,-5.801364674424986,-0.711517487824929,-0.756486884410853,-0.464618867714161,0.758877198370675,-0.169360916888802,-1.050161171123473,0.186438697328959,-0.23779126725132776,-23.96778665384914,15.97896671777709
Mauritius,0.259121683418209,-0.365493690354252,0.836692859606308,-0.499078834129516,0.980102307765338,0.641520002118594,-2.663544477234389,1.58192049752117,-0.482520634624979,-0.592156875347594,-0.677494957752035,-0.392799188360548,-1.17512437366912,-1.319468639646113,0.192130033803004,-0.23164639517831775,57.87076676716419,-20.2518657273732
Kyrgyzstan,-1.478933328860973,-0.339021214601849,-1.345202662567884,-0.184568154934396,-3.571783596712191,-2.203344239606256,0.26852086712552,0.406727527649446,-0.42368495270801,0.984639494803535,-0.177359244999986,-0.125315749549326,-1.587972944750995,-1.179839792462806,0.207781209106633,-0.2342008751390608,74.5555965607903,41.4650543222679
Bangladesh,0.414433517673975,1.113527600560512,0.400084433096947,-0.122559275525036,0.888001377469502,0.749751521960599,0.07182154044418,0.492963072400931,0.858707145951159,-0.708254955597978,-0.207589671139097,-0.270695591971982,1.909511176944012,2.153526002691129,0.217741047936212,-0.06178639681601243,90.26849872390015,23.843231636993423
Saudi Arabia,1.238667696917102,-1.33027273253518,-1.862255089678833,1.486598452480866,-0.289064003909554,0.872699726113517,0.05717201987006,-0.450543508484172,-0.132192279517081,-0.601837583563915,0.550606057662561,2.131700083895117,-0.243304708127673,-0.298478842638632,0.226278052647282,0.18398841657836146,44.54624581495838,24.12300024508953
Brunei Darussalam,0.84106612192582,1.514163200212765,1.533176069147159,0.560359072066862,0.896642864045996,0.961065901692566,0.285529545036532,-0.02152968126026,-0.557427035569749,-0.911503900887783,-0.903018938854489,-1.31854528253984,-0.211203452542239,0.356800808507848,0.227700886765792,-0.2321341409357007,114.76110078830723,4.521445945502893
Saint Lucia,0.431469432367962,-0.449623235657538,1.292143053970466,0.156958653375965,0.986644699065037,0.887195065781312,-3.310934440812733,-0.960288834636503,-0.756146139109461,-0.770755771680669,-1.040200774258637,-0.510490959605595,-0.532965057458215,-1.185077019489782,0.229123720884304,-0.2378667371326946,-60.9687130326236,13.8978659674569
Belize,0.633164730565749,-0.160472474472381,1.18704914706539,0.22496858425355,0.655495782475507,0.846884632973699,-1.070832198635715,-0.223338857712465,-0.59874627260005,-0.795735056891745,-0.971227013533875,-0.994918342160495,-0.377741561821837,-0.212024225251187,0.240506393832396,-0.23772337636283233,-88.68476701068823,17.21766750966289
Malaysia,0.54546409830835,1.619936323099955,1.442627119819912,0.275549664723993,0.493474063259186,0.831937792621772,0.13444897235141,-0.021824562115161,-0.536767971599424,-0.880864265833888,-1.154022237727463,-1.294884342947272,0.034707555178167,0.618904866543195,0.284614251506254,-0.054756002647994705,109.70819173359753,3.7923675615904
Belarus,-1.264899479167228,-0.62083066406765,0.221878518742967,-1.610680036811813,0.721480108120621,-1.352141783598063,0.789984393169275,0.658685784711145,0.133669637371393,1.533473723363542,0.572308715317361,-0.278182719894628,0.392059200230754,-0.528680571421992,0.297419758572858,-0.20644299902270932,28.046787646774796,53.53999772684351
North Macedonia,-0.783476952779535,-0.568699003393879,0.069487530072644,-0.46376589669807,-0.663843187964053,-0.943375068861104,0.27640829872764,-0.410204006213476,0.006297380234345,1.364941927682447,1.500289408219993,-0.690754677381172,-0.331236265868616,0.026093982280696,0.298842592691368,-0.23256932783999387,21.697476315167993,41.599682920521055
El Salvador,0.976936471377726,0.334126264311847,0.89905232997095,1.155939464801775,-0.104077037669327,0.80908452439264,0.099566323280902,-0.548991040804386,-0.044901240532813,-0.846334129517505,-0.629952785141697,-1.178087306325263,-0.367148735045439,1.796759745302489,0.328722109180111,-0.2253700823899393,-88.86651153563704,13.736896803079253
Nicaragua,0.61658785467604,0.490440291986983,0.866559297844159,0.139251920667221,0.527443358345933,0.778615890022994,-1.051666794762091,-1.36165006350795,-0.638064269099301,-0.851915535437307,-0.818368433185369,-1.069784267973337,-0.582074902930537,-0.481827809648183,0.330144943298623,-0.23252258099308518,-85.0347831599951,12.839906232695087
Bulgaria,-0.695311965318197,-0.603130982604589,0.227060862666865,-0.525739697997027,0.140556364408496,-0.881201201265907,0.221130036300255,-0.329020401917015,0.250753822426496,1.395823702176141,1.357293594439648,-0.720073444842034,-0.004007669742045,-0.063877914291051,0.334413445654156,-0.2041881854864257,25.231506405101328,42.76137676273265
Latvia,-1.438955223851837,-0.47265923245342,0.277950937259558,-1.88155795324224,0.859622080063131,-1.443400034416789,0.927413802888187,1.002914040599286,-0.17137094146336,1.647119937829082,0.728743356423056,-0.17319977296955,0.411142470312334,-0.738752008187893,0.378521303328013,-0.2216660594404651,24.92942574507268,56.85753501083037
Romania,-0.900658677914651,-0.545007504567866,0.194894385937137,-0.886629588224252,0.241167248807981,-1.048231326060117,0.240040583962937,-0.121808610403312,0.298575973938881,1.379134245302072,0.94069960040013,-0.576824726535927,0.138298224065107,-0.117088756466784,0.405555151579732,-0.11233059362510396,24.969258330598404,45.843614696169716
Libya,0.812999004687562,-1.374963002766809,-1.836416308384428,1.462933141365608,0.240211660390816,0.368048339235208,-0.359859760047402,-1.14184975580274,-0.484245574781504,-0.160814121024636,-0.147571881896516,2.421445957444131,-0.38893062165653,-1.033338872947835,0.435434668068475,-0.2040000020476876,18.02328651054839,27.04395435461266
Paraguay,0.491359476773024,0.136565725625544,0.715995784606797,-0.075056555488952,0.681861991862683,0.612649899381839,-0.225446764650959,-0.425270396769024,-0.371327178514009,-0.696594714492298,-0.080984837258922,-0.640584061972338,-0.306288000681818,1.430135085692863,0.43970317042401,-0.21980013493494413,-58.391024092810255,-23.236210536390367
Bahrain,1.297128458400896,-1.278073585380387,-1.892681213786032,0.871209145958457,0.975425737474893,0.890890830232926,0.393789447385658,-2.284149622197906,4.120177271231832,-0.49010385311935,2.983379040566315,1.795157746767647,0.476395425739809,0.934561127244615,0.43970317042401,-0.21943299113071046,50.5596446283914,26.022405946959175
Serbia,-0.810006915301655,-0.513814941102502,0.215010352803457,-0.835842315574767,0.193632072680453,-0.914400497173266,0.232538488304281,-0.029554341834761,0.367254292389701,1.367816573987056,1.499605516567666,-0.650342494218347,0.058565719494636,0.260872352023442,0.448240175135079,-0.2129468095604898,20.805457455898065,44.03204580777997
Montenegro,-1.277141374293831,0.491367538397721,0.246093170475453,-0.789116712283209,-1.023013535929621,-1.161929356367762,0.038657680423956,-0.121617248681158,-0.256314281402654,1.340116055152395,1.138150290257802,-0.570514571773386,-0.533189828651224,-0.337145837813488,0.449663009253589,-0.23613207553862847,19.25323880665163,42.79132426712471
Brazil,0.546743810183684,0.618126245568103,0.992005960816543,0.235342982788657,0.365686028799657,0.729561810461871,-0.422703082045189,-0.125557828879562,-0.542547500258549,-0.789177241790527,-1.018722952000223,-1.025333148706079,0.098781144138816,0.837480290581726,0.452508677490614,0.7058337971739237,-53.08981996828059,-10.773108989310035
Jamaica,0.537153189764096,-0.102610823579381,1.249132220338639,0.524668462776639,0.624669991848322,0.855296997079852,-1.280782992791109,-0.099823981552893,-0.243741374006368,-0.768036363544457,-0.821890033300269,-0.746233097862806,-0.779122564592228,-0.200011434868266,0.463891350438706,-0.23094314414816453,-77.31901254915986,18.151419727827005
Lithuania,-1.254952074780101,-0.613155938158968,0.226907753365744,-1.76580103443152,0.843408975922564,-1.353829790896795,0.823226053678014,0.929433257711188,0.070710765440642,1.592611319050323,0.736610440955334,-0.194874778399286,0.389586366700522,-0.6980463513404,0.465314184557216,-0.21128539291211768,23.89812084675004,55.33567068216649
Mexico,0.755272200549544,-0.525639722460191,-0.202641122512335,0.92111371292644,-0.995978570239002,0.201530589146995,0.155322415234017,0.306031795682576,-0.31348242872893,-0.578700630653344,0.200112537576404,-0.44020340938947,-0.682404212755969,0.483713245714861,0.46815985279424,0.4193326265162833,-102.53288640124838,23.95046462799688
Barbados,0.825860763509366,-0.261899538110308,0.398478781605666,0.577724004427573,1.052599450469859,0.866445653742842,-4.026092405822053,-1.196831062146327,-0.636581587678934,-0.765530905230959,-0.971749735729101,-0.296426856292381,-0.502057294717012,-1.173934236166984,0.471005521031263,-0.2362334232504033,-59.56195470085727,13.178714483256435
Armenia,-1.002693138129775,-0.497084616536452,-0.718395949304082,-0.282935515568982,-2.53869283827204,-1.563393900203566,0.192791543329105,0.158777905581475,-0.032856871887467,0.936762704425794,0.315093828199482,-0.352064486937164,-1.053366664061625,-0.354351184915595,0.471005521031263,-0.2320584632441533,44.94739357240664,40.28620003004215
United Arab Emirates,1.632352395505849,-1.358592232711464,-1.881936133426835,1.263404051951925,0.775390563539447,1.111273654193603,0.341536846001052,-1.206082161718011,1.122700783812928,-0.661744180690237,1.218781718593482,2.350683207540987,0.265931833263434,0.380633052365681,0.47811969162382,-0.028121197999404185,54.33515543207541,23.91093310536122
Trinidad and Tobago,0.577477179155229,-0.040554452491226,1.231730311387471,0.405672366254923,0.977727630073041,0.866542532569708,-2.800707689597787,-0.688750736752067,-0.545592607550166,-0.812348430038665,-1.151841380417667,-0.673649988659263,-0.279921862207962,-0.892078284903987,0.485233862216377,-0.22693622912448547,-61.25317222706771,10.468644571449058
Lebanon,-0.194991726714647,-0.423724214229088,-0.707803712457608,0.489197627303061,-0.223778949190308,-0.247645461416737,0.783266280599069,0.9707729546709,4.277387569336868,0.570212735343253,0.569196016777376,-0.032444978439677,-0.426406660720999,0.125650176865969,0.529341719890235,-0.21290055410989084,35.888026526891416,33.920265819358995
Hungary,-0.755421674820486,-0.512857765664591,0.169432963917793,-0.998488575603456,0.752471551426886,-0.890194650851026,0.397845928617068,-0.24444002685497,0.762889828727154,1.376729407231042,1.046280552334263,-0.533548413269048,0.382048988794513,0.158522686494612,0.529341719890235,-0.15620650695575,19.413449233579964,47.16650236031983
Antigua and Barbuda,0.862433384840615,-0.55224334428229,0.581182406495028,0.698718723790668,1.096416197247621,0.839019104893341,-3.840895207795457,-0.21082718890304,-0.66581388200699,-0.663898516467165,-0.772200412495522,-0.165707570201791,-0.571092982557761,-1.205343366052906,0.530764554008747,-0.23805696232448653,-61.791236941109894,17.27982106339154
Argentina,-0.433503379117702,-0.578919621827774,-0.557361911786664,-0.573077217914532,-0.360179901318184,-0.63413493694504,0.613451486098903,-0.300107834970373,-0.726726177079467,-0.060588455898533,0.588102657331261,-0.035605744355527,-2.04551175580626,-0.528878568536228,0.549261397549396,-0.013109743020132486,-65.1677275888575,-35.376437889958446
Bosnia and Herzegovina,-1.129004116003224,0.108109389782321,0.54156073852456,-0.9007664615966,-0.235685886457055,-1.022236011985745,0.148255070406833,-0.050778902861085,-0.011748217356535,1.33158480168316,1.509908170913483,-0.60215579795802,-0.20361732836411,-0.125282274144737,0.573449577564092,-0.22859706924422388,17.78653087558752,44.16811541279507
Sri Lanka,0.87990940708436,0.641671848643194,0.945570541475217,0.529455587734975,0.653756382898797,0.910757120184025,0.688856245609224,0.770926754075297,-0.319139467695325,-0.689417639625011,-1.067405092736935,-0.973578476833037,0.186395250943273,0.575292513947304,0.590523586986231,-0.19403397229451508,80.70472727150128,7.6080856776207915
Tunisia,0.367582924603298,-1.103969967680126,-1.441146619870463,0.812740548903569,0.537928918368415,0.079327756817668,0.124327578088806,-0.261531799598224,-0.100610727000383,0.798525691838293,0.32340419975384,1.496508573113341,-0.235757903139871,-0.53622218352073,0.614711767000927,-0.21779279003473428,9.561335945079485,34.11086000629213
Uruguay,-0.606564500182329,0.561252757151328,0.66780077200662,-0.641680088488256,0.867138602056034,-0.231639505726792,-0.356094988548935,0.137442828445514,-0.667430829358417,-0.178813132591617,0.404145460122866,-0.524348863678843,-1.760327547852459,-0.64556127951322,0.623248771711994,-0.2076339988473354,-56.01239641685367,-32.79964546377926
Algeria,0.90829237421206,-1.316896461439119,-1.770233631107064,1.434882111770733,-0.07395637051437,0.525168584181929,-0.280634571941236,-0.669612024845702,-0.437050625884994,0.010359837733329,-0.053730132950465,2.43873970062454,-0.619760998094723,-0.972250684501081,0.627517274067529,-0.15230297389545897,2.6323884831948603,28.163239535863013
Qatar,1.336669257453396,-1.282686186888467,-1.983125681689341,1.216387356201742,0.931476248103481,1.0315124090602,0.486533335007,-2.249915586736393,2.48915590529159,-0.548261126987131,2.58523466708864,3.058996743844749,0.478274287878315,0.798512750624921,0.633208610541576,-0.14997749702969643,51.191201241690536,25.315078833351127
Iran,0.677677584159388,-0.918464393635516,-1.667509324769727,0.841969339230422,-1.356960753179762,-0.144741559635849,0.267960008471183,-0.344312126071497,0.3405899842501,0.137478796628013,0.88161996776091,0.978720698086165,-0.59984504822155,-0.068287393530526,0.658819624674782,-0.09587321754972704,54.19776567604836,32.739463279420384
China,-0.876451622594891,-0.522766372701825,-0.740470821333493,-0.26005080185095,-2.206726392745385,-1.558161927942152,0.524991164423824,0.088060045753066,0.566822402036082,0.623713793266824,0.129811472731216,0.354283557329769,0.125171196078182,-0.18639339663969,0.670202297622876,6.9629400832777355,103.89268045259206,36.52032903315561
Thailand,0.825047528639527,0.343149532461653,0.629658654801205,0.546427618060816,0.385131239410088,0.921771781957588,0.314341080695905,0.461231149158104,0.268757865603351,-0.847899120027617,-1.235984864792602,-0.866446845785591,1.558007111410372,2.113665720574504,0.708618818822687,0.035418132706912075,101.0173610956382,15.127035739957414
Cuba,0.754850859924196,-0.251018155640852,0.950845080839528,0.776806130764069,0.930998439503544,0.806499506282322,-1.167647991490695,-0.567230345721218,-0.439762673193432,-0.637745211475238,-0.593452593259178,-1.000821583843014,-0.626038254882364,-0.446890743665577,0.717155823533756,-0.18676501796210077,-79.03635208348477,21.62117045067858
Jordan,0.71116186373916,-1.275196548033699,-1.761439133215127,0.96636369470444,-0.436308598998934,0.036207359355098,1.167600873543358,-0.473477183209709,0.150018270692232,0.162791226831617,0.275260489182526,1.383801138970324,-0.455811041275189,-0.458598426086368,0.732806998837383,-0.21648289913918728,36.786729695389624,31.253315798344826
Albania,-0.758496155640357,0.210469087382864,0.136571648034696,-0.46580371289086,-0.208987472147644,-0.738241754056526,-0.059850033710485,-0.095791493412333,-0.111287438740411,1.403169547797338,1.141970823756692,-0.618470478108107,-0.284036005579999,-0.022139758529151,0.751303842378032,-0.23115947272749912,20.06838416825895,41.14228606651719
Slovakia,-1.315586230478812,-0.346761850478342,0.39852391809271,-1.264609029636067,0.076124050938703,-1.220017784472809,0.331933168680226,-0.071228240356491,0.647456227269057,1.339880658307147,0.906080019998442,-0.525559831245036,0.128692316779133,-0.285393157481025,0.784029027103797,-0.1856131226766092,19.491652336366364,48.70753052714884
Poland,-1.15120920887072,-0.595706699984685,0.360374684675476,-1.583296886627278,0.735536752848297,-1.162683874767836,0.925745855651575,0.610025607112089,1.066345387425705,1.448502895949355,0.630255146060597,-0.342754293016156,0.384145384504258,-0.425032356851219,0.789720363577842,0.06168427034425289,19.400884072187587,52.124610056944064
Ecuador,-0.383089916882746,2.842872890627628,0.703007154179687,-1.16605660458746,-0.906415790278249,0.199392759287101,0.338494262857882,0.374744175634288,-0.547667581960474,-1.050307966549232,-0.740382244253358,-0.664175087014666,0.003533454310216,-0.44156151974031,0.815331377711051,-0.18440474215820385,-78.76707245722564,-1.4274202508378337
United States,-1.006262271057932,-0.295807940649895,-0.452755853913578,-0.906017625220001,-0.353912789563629,-1.434728914521669,0.405826152349936,0.430695002831905,-0.214396738832596,1.27968510866421,2.476320499268251,-0.145789749117211,-0.114764809334966,-0.584688075109345,0.822445548303608,10.54420471649824,-112.49150994124619,45.69557676136187
Turkey,-0.47431313889126,-0.535732933969752,-0.582992486702856,-0.063708984303323,-1.172343139999208,-0.885023450184479,0.194297092479644,-0.26807437314311,0.164486077568196,1.046651346186787,0.754222290259389,-0.18095212031714,-0.617451282538144,-0.143762344619371,0.839519557725747,0.14487289711801093,35.17967234285511,39.06059588948928
Croatia,-0.867879166009135,0.084769204552722,0.494883960641861,-0.89933558052906,0.447756130340691,-0.819132933987622,-0.023958462636847,-0.311724995760053,0.277575807789176,1.352237825789371,1.163918354346929,-0.613406300962103,0.137181977502269,0.037631586427642,0.842365225962769,-0.20792564911650666,16.41177999595354,45.051162872853546
Estonia,-1.577698932286701,-0.452654142937935,0.090869673980478,-1.916093793346829,0.912086505114123,-1.526872365180968,1.011565656216865,1.015055472203827,-0.104965929303193,1.701098089515229,1.000321015689262,-0.159803043708851,0.393769201915159,-0.776928218943891,0.876513244807045,-0.2232515019002503,25.52761644386963,58.67413628429443
Czech Republic,-1.32044514379792,-0.492594743443037,0.43132299889093,-1.394371586767214,0.135834632464366,-1.230187401999049,0.724030747360869,0.283047002545974,1.27255438996014,1.306421901605399,0.663686321360822,-0.496425205111803,0.099006207741365,-0.287951251249733,0.912084097769833,-0.1115589649969069,15.338412303834534,49.7428591464536
Panama,0.461906330805109,1.825053024322598,0.961516197087372,-0.38100805738306,0.418142182466034,0.706807016027446,0.368639010513272,-1.330131820409767,-0.511518443666688,-0.881506272528792,-1.036678791200528,-0.82834710888231,-0.081426928660702,0.052602352705,0.934849443666019,-0.20376415424516864,-80.10266269545811,8.5071872027917
Colombia,0.446464277084116,2.360606495164011,1.035906722475724,-0.346562851082007,-0.063195992128307,0.598483888044846,0.121801789299968,-0.119978790386897,-0.611546812936549,-0.941514711335025,-1.064036997622588,-1.087675737839187,0.434465174730231,0.486894575922493,0.937695111903041,-0.07601159752642189,-73.07336877776575,3.9011550097097927
Maldives,1.342060325876422,1.082112682728605,-0.622392208344721,0.559016698451661,1.003829331298719,0.997784781887056,0.292227569009009,-0.231500778016411,-0.752089170611912,-0.711717702167525,-0.981173777056701,-0.78077539639143,-0.028529745718848,-0.712069155306607,0.977534467221364,-0.23603925788579955,73.25224764775142,3.2162842677585575
Peru,0.016128792096201,1.458325578273959,0.549812000152794,-0.096555329513846,-1.619268366930727,-0.080439518249771,0.247395681471232,-0.001975336945977,-0.72966293884261,-1.080973336201313,-0.207423384400205,-0.802467552308976,-0.332500126498015,-0.122129169412544,1.021642324895221,-0.1237749052793836,-74.37562757944507,-9.163760634716247
Chile,-1.274859244984782,0.584317439158904,-0.617077539642592,-0.870218091848522,-0.93780182942525,-1.246204503428888,1.126491819714705,-0.269678072725315,-0.750746273660969,-0.046553283128908,0.817060260209693,0.244222087384872,-2.408067642672665,-1.500947176046624,1.141160390850187,-0.09842060068765082,-71.37397938014512,-37.85248886786988
Costa Rica,0.277715167434128,1.992416510989334,0.996360105596314,-0.021039388597292,0.005222056484962,0.508934319166526,-0.573702025104037,-0.493097267413413,-0.526237117463259,-0.913340851550136,0.411684789598414,-0.928506669586828,-0.692585271205881,-0.211452012923639,1.156811566153814,-0.20643919248588924,-84.18794117561214,9.970202862683754
Kuwait,1.253194310963568,-1.240920228090569,-1.919625979816505,0.951832633018782,0.730634534913188,0.88879208694243,1.25203609250055,-1.752701877909908,3.317604216851151,-0.127757694906753,4.213803761201732,2.862132047506205,0.222000046415607,1.083303080941733,1.173885575575953,-0.1702410700050755,47.59087773043243,29.34079237003937
Greece,-0.45987152362491,-0.324434937182942,0.258340518797004,-0.141601602988558,0.114790182255427,-0.524943868474787,0.300591266045464,-0.628573556188584,0.010974054251947,1.311493761005669,1.024824506901029,-0.694989672134685,-0.133261253480936,-0.043660946864854,1.192382419116602,-0.1354113675920574,22.959744477245557,39.06853888105511
Slovenia,-1.244741978848042,0.364102304466251,0.828870108247011,-1.032583234362344,-0.169207935433145,-1.090968992523542,0.191233306989828,-0.04331234822947,0.539562846684109,1.294236519633667,1.031308527663004,-0.63274769303266,-0.071082741616002,-0.276563755313912,1.222261935605345,-0.21149815933244479,14.826538348514136,46.123564162714395
Denmark,-1.501287202953044,-0.222041691974069,0.560720055939148,-1.905502300356803,0.976547905951329,-1.239462955960736,1.304591784784308,1.123006511554547,0.488210998519792,1.635305327962251,0.771338241358548,-0.13159783842117,0.361241283668386,-1.022370383509315,1.223684769723855,-0.06417642823367642,10.046297200902552,55.9633969329474
United Kingdom,-1.777971135178974,0.022064560879697,0.697596964470518,-2.017085974910855,0.706015426675778,-1.247060756131849,1.032370842145713,1.308444712085741,0.953773328333519,1.602150610267795,1.125408521963803,-0.087070168281595,0.076239194017525,-1.503530508924453,1.235067442671949,1.199131440188378,-2.8955839457601713,54.155349817578305
Belgium,-1.323327664951861,-0.320417267416232,0.664662635187258,-1.579588638397379,0.824394334142336,-1.069986987656822,0.96102487511056,1.504563407458066,2.78032912973231,1.456164036457582,0.948685878959551,-0.302959980603859,0.233144444324829,-0.662952852321411,1.237913110908972,0.03132749231259416,4.663987283841631,50.64285190086295
Portugal,-0.616759026299842,-0.489152329046,0.145569856881147,-0.117943450783232,0.506089016140341,-0.548565103777128,0.894194154421107,-0.919414960990436,0.172156274928176,0.917458919201136,0.871846420002347,-0.55134987488807,-0.226619840527374,-0.196811491210127,1.259255622686643,-0.1178938847346738,-8.562741123515181,39.60098844488258
Finland,-2.127936839123723,-0.482864907415835,-0.347144493800144,-2.91676439759481,0.610364235377878,-2.101401269453695,0.565917739682012,0.291666270832458,-0.493802266837454,1.80878104129999,1.04241073556116,0.044408352199706,0.144309224075201,-1.117310577129729,1.26494695916069,-0.10350628897963725,26.266371192375555,64.50042279493528
Austria,-1.62541868583891,0.13643974217513,0.260695490959909,-1.295109002103104,-0.769223279426415,-1.426747324606706,0.577244880301637,0.008754344733275,0.592399589503301,1.226247404086285,0.496859189738775,-0.496600958332792,-0.3460618291956,-0.588232029927243,1.270638295634737,-0.0147029291877629,14.140191162464685,47.5929028612171
Germany,-1.230180137219566,-0.391371226268979,0.582631268338105,-1.525729193112041,0.572868642340031,-1.14199414305973,0.957746740902388,0.829339815668378,1.803815593299885,1.395662248451764,0.568273595313811,-0.390106033955469,0.244297226310445,-0.49207110097059,1.280598134464317,1.7225125130537833,10.393646182032008,51.10656211765772
Netherlands,-1.244293293961261,-0.328853499320446,0.658905808436326,-1.692485654860624,1.05234142623153,-1.053876801395461,1.117652147758767,1.42546533524654,3.256970413636143,1.521503758876685,0.776397564761525,-0.263893362416861,0.39965256165481,-0.70008414973472,1.290557973293898,0.22011324468890245,5.609467664492023,52.244137156635496
Ireland,-1.88418294862793,0.075840767409201,1.09140499872965,-2.103922133075843,0.823723380238353,-1.192874909368496,1.07896151115376,1.514824187044546,-0.284119911616852,1.597907073662489,0.82433969379867,-0.08339273228921,0.02829536916222,-1.804948329147856,1.297672143886456,-0.03773226124616987,-8.150580864367562,53.17637969149772
Malta,-0.104791747934572,-0.731984942889626,-0.576712544183386,-0.03604318840202,1.076479773141361,-0.015473041199095,1.458953170599131,-1.107504917041794,0.482237855515661,1.169881927155104,1.951791386606638,0.050213671157976,0.115458522717438,-0.581104207185934,1.304786314479013,-0.23086163793960074,14.441922442846522,35.89052265084909
New Zealand,-1.637825394966435,0.780611595669267,0.844944662622146,-1.534109403757698,0.079028206031415,-1.084158709296051,1.081272451115339,-0.536838307478712,-0.868313723269309,0.88617956143052,0.276894937505881,-0.337279240189316,-2.208084993884437,-1.912028576157502,1.314746153308592,-0.13145790562053009,171.77989957531432,-41.83887386696896
Canada,-3.123081705695922,-0.6757219925953,-1.120042898189266,-2.92060099442557,0.123288488682773,-3.128029506618611,0.60138759353846,-0.231177208787152,-0.907838634769065,2.437324367860123,2.380487220114865,0.058366631999467,0.16905418031893,-1.984085381219382,1.354585508626915,0.6404924866711708,-98.26533066945952,61.39201670391095
Iceland,-2.605911583732562,0.155666555520839,-1.44180319000901,-2.497369718668773,-0.035214558467042,-2.187193424727725,-0.493609587704888,-0.577547100073454,-0.848784312239172,1.958231129849254,1.182742976901219,0.340677989027788,-0.204342090967197,-2.073026357363045,1.367391015693519,-0.22647951104394912,-18.60546711816978,64.9975885381915
Sweden,-2.154366927962693,-0.354586818739557,-0.154259733185329,-2.184444676668034,0.225940052548197,-2.012909965717459,0.683192125893615,0.163875830346797,-0.588681973783448,1.71589581047045,0.806695234325587,-0.043046610180257,-0.011740639444407,-1.318057060375321,1.377350854523101,0.03032588809324816,16.739754365935394,62.789896760314406
Luxembourg,-1.369301911818051,-0.171035433099452,0.80356897027972,-1.450466308347326,0.263645213035163,-1.23446588111571,0.797668691925087,0.945907420253993,1.671013199456989,1.386801065999759,0.889246589259693,-0.433475770887087,0.074823544595878,-0.544566201124288,1.378773688641611,-0.20367906437387093,6.087813753123668,49.77062851547191
France,-1.125994512906253,-0.215258426281313,0.547047490813107,-1.044049585475691,0.435750731832871,-0.934388527947121,0.744852933783709,0.364668031132544,0.600819991964266,1.292593542236693,0.718308630962715,-0.438037962665445,-0.017120731187832,-0.524866783721069,1.388733527471193,1.1373305433914702,2.5519549716638115,46.56450256084427
Israel,0.47211969351205,-1.00062971379465,-1.302622169035646,0.945518553954561,0.487806264421093,0.123479730365843,0.97636428040986,-0.555147916988066,1.200827299889922,0.266259219119345,0.52610824526912,1.28501306578131,-0.07459089125896,0.013002840096904,1.408653205130354,-0.03594793308501875,34.96585649544899,31.35852954840821
Norway,-2.55465075110849,0.233566247364943,-0.802050401831811,-2.582698505701983,-0.07769257597011,-2.113001982286638,0.380660418486692,0.462446096841889,-0.647287544721359,1.739186038604832,0.812850876460667,0.231320322780607,-0.206561721832537,-1.584818602755188,1.408653205130354,-0.0327847600418475,14.084800836153503,64.44816986079887
Italy,-0.793423517396786,0.055709908656134,0.289843402840483,-0.529197178476207,-0.108570922054005,-0.802753847379087,0.391522332612501,-0.217334339189794,1.011472046231227,1.289601074423795,1.010500909086291,-0.529578104391739,-0.148569659561764,-0.146700170415714,1.458452399278257,0.7754367167670461,12.071740720938752,42.79578143671915
Australia,0.710982136420269,-1.118687140437858,-1.017696088954282,0.867378133880105,0.515423299391284,0.421403882693575,-0.536186700204796,0.94203858648764,-0.663200870236974,-0.292480070775212,-0.219510389720671,-0.078459957798796,-1.348234838405727,-0.26912269171935,1.468412238107838,0.46445020630615885,134.4895627663871,-25.73496878634867
Cyprus,0.188592035622002,-0.556532671155027,-0.258629290887816,0.45291439466555,0.559529715003247,0.077829915202955,0.892301585221588,-0.156465898592599,0.310512656159971,0.859423160105187,0.59139695068883,-0.290284116522955,-0.016065409868792,0.092491767651808,1.482640579292952,-0.22584118558794108,33.221760475020844,35.045880057916634
Singapore,1.44211671096084,1.417721611230413,-0.092807983150078,-0.053728499249877,0.93758634400951,0.981979111668645,-0.231883555909542,-0.240133577000588,6.081019666676121,-0.809262696237539,-0.466658021884436,-0.43461195934253,0.953700254524269,2.427452310807313,1.494023252241044,-0.048875486435721635,103.80805122092099,1.351616432457487
Spain,-0.547577077394362,-0.60560455396855,-0.206966155601292,0.044802865370421,-0.302243426465833,-0.662496061537198,0.749774598905502,-0.064479924030684,0.19891951802679,0.990106596086266,0.884626714419116,-0.341843029158137,-0.453695303473275,-0.331265373475601,1.494023252241044,0.4642736899533033,-3.4915580906584998,40.38307194219348
South Korea,-1.111920845387632,-0.032492027745366,0.418035879719913,-0.433006401265505,0.561729535773536,-0.83365554289409,0.673758281634694,-0.407677883710037,3.623719720784957,0.86748412788746,1.051202635979516,-0.628903895339126,1.659802663483263,0.405742263215196,1.505405925189136,0.5939375594366143,127.83477280193361,36.375089760902284
Switzerland,-1.857426769445317,0.630148143505991,-0.002478156710249,-1.22324440960904,-1.265166571591084,-1.576493244850073,0.337811610245323,0.17786206416823,0.513485102005603,1.195150007141564,0.380454181898504,-0.47810024688344,-0.684472832171085,-0.814690559914427,1.52674843696681,0.12488267232333959,8.234393044733602,46.80249567516608
Japan,-1.298511641401371,0.664491687613677,0.607936318423372,-0.848670614761209,0.331856137097209,-0.901680898463605,0.697069665094012,-0.11228075735259,0.5257770113736,1.084968119463902,0.596952615994691,-0.438633081512844,0.808872313775679,-0.716688591184393,1.641998000566243,2.3422412546321087,137.99074408463093,37.56216058655968
